,cultivar_name,Accession_name,Line_name,accession_source,year_produced,sample_id,sample,polytunnel,rep,sub_block,pot_number,line_number,Collaborator1_name,Internal_accession_name,JIC_internal_accession_id,days.to.flowering,number.of.first.branch
1,CC-050,JIC09_BrDFS_A_003,BrDFS_A_003,JIC,2009,p_028,28,1,1,1,46,3,BrDFS_A_003,BrDFS_A_003,s-00001,199,10
2,CC-050,JIC09_BrDFS_A_003,BrDFS_A_003,JIC,2009,p_009,9,2,2,2,47,3,BrDFS_A_003,BrDFS_A_003,s-00001,205,8
3,CC-050,JIC09_BrDFS_A_003,BrDFS_A_003,JIC,2009,p_066,66,1,3,3,48,3,BrDFS_A_003,BrDFS_A_003,s-00001,204,9
4,CC-059,JIC09_BrDFS_A_005,BrDFS_A_005,JIC,2009,p_003,3,2,1,4,49,5,BrDFS_A_005,BrDFS_A_005,s-00002,202,10
5,CC-059,JIC09_BrDFS_A_005,BrDFS_A_005,JIC,2009,p_014,14,1,2,5,50,5,BrDFS_A_005,BrDFS_A_005,s-00002,202,9
6,CC-059,JIC09_BrDFS_A_005,BrDFS_A_005,JIC,2009,p_023,23,2,3,6,51,5,BrDFS_A_005,BrDFS_A_005,s-00002,201,10
7,CC-061,JIC09_BrDFS_A_007,BrDFS_A_007,JIC,2009,p_027,27,2,1,7,52,7,BrDFS_A_007,BrDFS_A_007,s-00003,201,8
8,CC-061,JIC09_BrDFS_A_007,BrDFS_A_007,JIC,2009,p_031,31,1,2,1,53,7,BrDFS_A_007,BrDFS_A_007,s-00003,201,8
9,CC-061,JIC09_BrDFS_A_007,BrDFS_A_007,JIC,2009,p_032,32,2,3,2,54,7,BrDFS_A_007,BrDFS_A_007,s-00003,201,10
10,CC-072,JIC09_BrDFS_A_014,BrDFS_A_014,JIC,2009,p_042,42,2,1,3,55,14,BrDFS_A_014,BrDFS_A_014,s-00004,201,9
11,CC-072,JIC09_BrDFS_A_014,BrDFS_A_014,JIC,2009,p_043,43,1,2,4,56,14,BrDFS_A_014,BrDFS_A_014,s-00004,197,7
12,CC-072,JIC09_BrDFS_A_014,BrDFS_A_014,JIC,2009,p_056,56,1,3,5,27,14,BrDFS_A_014,BrDFS_A_014,s-00004,197,10
13,CC-094,JIC09_BrDFS_A_017,BrDFS_A_017,JIC,2009,p_065,65,2,1,6,28,17,BrDFS_A_017,BrDFS_A_017,s-00005,197,9
14,CC-094,JIC09_BrDFS_A_017,BrDFS_A_017,JIC,2009,p_005,5,2,2,7,29,17,BrDFS_A_017,BrDFS_A_017,s-00005,196,6
15,CC-094,JIC09_BrDFS_A_017,BrDFS_A_017,JIC,2009,p_010,10,1,3,1,30,17,BrDFS_A_017,BrDFS_A_017,s-00005,193,10
16,CC-114,JIC09_BrDFS_A_021,BrDFS_A_021,JIC,2009,p_019,19,1,1,2,31,21,BrDFS_A_021,BrDFS_A_021,s-00006,194,9
17,CC-114,JIC09_BrDFS_A_021,BrDFS_A_021,JIC,2009,p_022,22,1,2,3,32,21,BrDFS_A_021,BrDFS_A_021,s-00006,205,8
18,CC-114,JIC09_BrDFS_A_021,BrDFS_A_021,JIC,2009,p_030,30,1,3,4,33,21,BrDFS_A_021,BrDFS_A_021,s-00006,205,9
19,CC-140,JIC09_BrDFS_A_023,BrDFS_A_023,JIC,2009,p_033,33,2,1,5,34,23,BrDFS_A_023,BrDFS_A_023,s-00007,195,10
20,CC-140,JIC09_BrDFS_A_023,BrDFS_A_023,JIC,2009,p_041,41,2,2,6,35,23,BrDFS_A_023,BrDFS_A_023,s-00007,199,10
21,CC-140,JIC09_BrDFS_A_023,BrDFS_A_023,JIC,2009,p_044,44,1,3,7,36,23,BrDFS_A_023,BrDFS_A_023,s-00007,205,10
22,CC-156,JIC09_BrDFS_A_028,BrDFS_A_028,JIC,2009,p_052,52,2,1,1,37,28,BrDFS_A_028,BrDFS_A_028,s-00008,204,8
23,CC-156,JIC09_BrDFS_A_028,BrDFS_A_028,JIC,2009,p_061,61,2,2,2,64,28,BrDFS_A_028,BrDFS_A_028,s-00008,202,10
24,CC-156,JIC09_BrDFS_A_028,BrDFS_A_028,JIC,2009,p_064,64,1,3,3,1,28,BrDFS_A_028,BrDFS_A_028,s-00008,202,9
25,CC-160,JIC09_BrDFS_A_030,BrDFS_A_030,JIC,2009,p_015,15,1,1,4,2,30,BrDFS_A_030,BrDFS_A_030,s-00009,201,10
26,CC-160,JIC09_BrDFS_A_030,BrDFS_A_030,JIC,2009,p_026,26,2,2,5,3,30,BrDFS_A_030,BrDFS_A_030,s-00009,201,8
27,CC-160,JIC09_BrDFS_A_030,BrDFS_A_030,JIC,2009,p_057,57,1,3,6,4,30,BrDFS_A_030,BrDFS_A_030,s-00009,201,9
28,CC-168,JIC09_BrDFS_A_035,BrDFS_A_035,JIC,2009,p_001,1,1,1,7,5,35,BrDFS_A_035,BrDFS_A_035,s-00010,201,10
29,CC-168,JIC09_BrDFS_A_035,BrDFS_A_035,JIC,2009,p_006,6,1,2,1,6,35,BrDFS_A_035,BrDFS_A_035,s-00010,201,9
30,CC-168,JIC09_BrDFS_A_035,BrDFS_A_035,JIC,2009,p_011,11,1,3,2,7,35,BrDFS_A_035,BrDFS_A_035,s-00010,197,10
31,CC-HN53,JIC09_BrDFS_A_038,BrDFS_A_038,JIC,2009,p_053,53,1,1,6,10,38,BrDFS_A_038,BrDFS_A_038,s-00012,199,9
32,CC-HN53,JIC09_BrDFS_A_038,BrDFS_A_038,JIC,2009,p_058,58,1,2,7,11,38,BrDFS_A_038,BrDFS_A_038,s-00012,205,7
33,CC-HN53,JIC09_BrDFS_A_038,BrDFS_A_038,JIC,2009,p_062,62,1,3,1,12,38,BrDFS_A_038,BrDFS_A_038,s-00012,204,10
34,CC-HN54,JIC09_BrDFS_A_037,BrDFS_A_037,JIC,2009,p_016,16,2,1,3,8,37,BrDFS_A_037,BrDFS_A_037,s-00011,197,8
35,CC-HN54,JIC09_BrDFS_A_037,BrDFS_A_037,JIC,2009,p_020,20,2,2,4,9,37,BrDFS_A_037,BrDFS_A_037,s-00011,197,8
36,CC-HN54,JIC09_BrDFS_A_037,BrDFS_A_037,JIC,2009,p_029,29,1,3,5,65,37,BrDFS_A_037,BrDFS_A_037,s-00011,196,10
37,CX-058,JIC09_BrDFS_A_066,BrDFS_A_066,JIC,2009,p_021,21,1,1,5,58,66,BrDFS_A_066,BrDFS_A_066,s-00053,201,9
38,CX-058,JIC09_BrDFS_A_066,BrDFS_A_066,JIC,2009,p_063,63,1,2,6,59,66,BrDFS_A_066,BrDFS_A_066,s-00053,201,6
39,CX-058,JIC09_BrDFS_A_066,BrDFS_A_066,JIC,2009,p_040,40,1,3,7,60,66,BrDFS_A_066,BrDFS_A_066,s-00053,197,10
40,KENSHIN-402,JIC09_BrDFS_A_040,BrDFS_A_040,JIC,2009,p_004,4,2,1,2,13,40,BrDFS_A_040,BrDFS_A_040,s-00013,202,9
41,KENSHIN-402,JIC09_BrDFS_A_040,BrDFS_A_040,JIC,2009,p_012,12,2,2,3,14,40,BrDFS_A_040,BrDFS_A_040,s-00013,202,6
42,KENSHIN-402,JIC09_BrDFS_A_040,BrDFS_A_040,JIC,2009,p_035,35,1,3,4,15,40,BrDFS_A_040,BrDFS_A_040,s-00013,201,10
43,PC-023,JIC09_BrDFS_A_045,BrDFS_A_045,JIC,2009,p_046,46,2,1,5,66,45,BrDFS_A_045,BrDFS_A_045,s-00014,201,9
44,PC-023,JIC09_BrDFS_A_045,BrDFS_A_045,JIC,2009,p_054,54,2,2,6,16,45,BrDFS_A_045,BrDFS_A_045,s-00014,201,8
45,PC-023,JIC09_BrDFS_A_045,BrDFS_A_045,JIC,2009,p_017,17,1,3,7,17,45,BrDFS_A_045,BrDFS_A_045,s-00014,201,9
46,PC-078,JIC09_BrDFS_A_047,BrDFS_A_047,JIC,2009,p_036,36,1,1,1,18,47,BrDFS_A_047,BrDFS_A_047,s-00015,201,10
47,PC-078,JIC09_BrDFS_A_047,BrDFS_A_047,JIC,2009,p_047,47,1,2,2,19,47,BrDFS_A_047,BrDFS_A_047,s-00015,197,10
48,PC-078,JIC09_BrDFS_A_047,BrDFS_A_047,JIC,2009,p_059,59,2,3,3,38,47,BrDFS_A_047,BrDFS_A_047,s-00015,197,10
49,PC-101,JIC09_BrDFS_A_049,BrDFS_A_049,JIC,2009,p_002,2,1,1,4,39,49,BrDFS_A_049,BrDFS_A_049,s-00016,197,8
50,PC-101,JIC09_BrDFS_A_049,BrDFS_A_049,JIC,2009,p_007,7,1,2,5,20,49,BrDFS_A_049,BrDFS_A_049,s-00016,196,10
51,PC-101,JIC09_BrDFS_A_049,BrDFS_A_049,JIC,2009,p_018,18,1,3,6,21,49,BrDFS_A_049,BrDFS_A_049,s-00016,193,9
52,PC-175,JIC09_BrDFS_A_055,BrDFS_A_055,JIC,2009,p_025,25,2,1,7,22,55,BrDFS_A_055,BrDFS_A_055,s-00017,194,10
53,PC-175,JIC09_BrDFS_A_055,BrDFS_A_055,JIC,2009,p_060,60,2,2,1,23,55,BrDFS_A_055,BrDFS_A_055,s-00017,205,8
54,PC-175,JIC09_BrDFS_A_055,BrDFS_A_055,JIC,2009,p_008,8,1,3,2,24,55,BrDFS_A_055,BrDFS_A_055,s-00017,205,9
55,PC-183,JIC09_BrDFS_A_057,BrDFS_A_057,JIC,2009,p_038,38,1,1,3,25,57,BrDFS_A_057,BrDFS_A_057,s-00018,195,10
56,PC-183,JIC09_BrDFS_A_057,BrDFS_A_057,JIC,2009,p_049,49,2,2,4,40,57,BrDFS_A_057,BrDFS_A_057,s-00018,199,9
57,PC-183,JIC09_BrDFS_A_057,BrDFS_A_057,JIC,2009,p_034,34,1,3,5,41,57,BrDFS_A_057,BrDFS_A_057,s-00018,205,10
58,PC-184,JIC09_BrDFS_A_058,BrDFS_A_058,JIC,2009,p_045,45,1,1,6,26,58,BrDFS_A_058,BrDFS_A_058,s-00019,204,8
59,PC-184,JIC09_BrDFS_A_058,BrDFS_A_058,JIC,2009,p_037,37,1,2,7,42,58,BrDFS_A_058,BrDFS_A_058,s-00019,202,8
60,PC-184,JIC09_BrDFS_A_058,BrDFS_A_058,JIC,2009,p_048,48,1,3,1,43,58,BrDFS_A_058,BrDFS_A_058,s-00019,202,10
61,PC-185,JIC09_BrDFS_A_059,BrDFS_A_059,JIC,2009,p_024,24,2,1,2,44,59,BrDFS_A_059,BrDFS_A_059,s-00020,201,9
62,PC-185,JIC09_BrDFS_A_059,BrDFS_A_059,JIC,2009,p_039,39,2,2,3,57,59,BrDFS_A_059,BrDFS_A_059,s-00020,201,7
63,PC-185,JIC09_BrDFS_A_059,BrDFS_A_059,JIC,2009,p_050,50,1,3,4,45,59,BrDFS_A_059,BrDFS_A_059,s-00020,201,10
64,WTC-GLU3,JIC09_BrDFS_A_067,BrDFS_A_067,JIC,2009,p_051,51,2,1,1,61,67,BrDFS_A_067,BrDFS_A_067,s-00213,197,9
65,WTC-GLU3,JIC09_BrDFS_A_067,BrDFS_A_067,JIC,2009,p_013,13,2,2,2,62,67,BrDFS_A_067,BrDFS_A_067,s-00213,197,8
66,WTC-GLU3,JIC09_BrDFS_A_067,BrDFS_A_067,JIC,2009,p_055,55,1,3,3,63,67,BrDFS_A_067,BrDFS_A_067,s-00213,196,9