Plant scoring unit name,polytunnel,rep,sub-block,pot,Plant accession,Originating organisation,Plant variety,days to flowering trait,plant height,dry weight 
p_028,1,1,1,46,JIC09_BrDFS_A_003,JIC,CC-050,199,10,163.84
p_009,2,2,2,47,JIC09_BrDFS_A_003,JIC,CC-050,205,8,237.81
p_066,1,3,3,48,JIC09_BrDFS_A_003,JIC,CC-050,204,9,114.45
p_003,2,1,4,49,JIC09_BrDFS_A_005,JIC,CC-059,202,10,69.02
p_014,1,2,5,50,JIC09_BrDFS_A_005,JIC,CC-059,202,9,93.25
p_023,2,3,6,51,JIC09_BrDFS_A_005,JIC,CC-059,201,10,68.38
p_027,2,1,7,52,JIC09_BrDFS_A_007,JIC,CC-061,201,8,57.68
p_031,1,2,1,53,JIC09_BrDFS_A_007,JIC,CC-061,201,8,55.07
p_032,2,3,2,54,JIC09_BrDFS_A_007,JIC,CC-061,201,10,94.55
p_042,2,1,3,55,JIC09_BrDFS_A_014,JIC,CC-072,201,9,83.23
p_043,1,2,4,56,JIC09_BrDFS_A_014,JIC,CC-072,197,7,71.04
p_056,1,3,5,27,JIC09_BrDFS_A_014,JIC,CC-072,197,10,90.25
p_065,2,1,6,28,JIC09_BrDFS_A_017,JIC,CC-094,197,9,60.15
p_005,2,2,7,29,JIC09_BrDFS_A_017,JIC,CC-094,196,6,53.9
p_010,1,3,1,30,JIC09_BrDFS_A_017,JIC,CC-094,193,10,87.38
p_019,1,1,2,31,JIC09_BrDFS_A_021,JIC,CC-114,194,9,67.74
p_022,1,2,3,32,JIC09_BrDFS_A_021,JIC,CC-114,205,8,90.36
p_030,1,3,4,33,JIC09_BrDFS_A_021,JIC,CC-114,205,9,61.53
p_033,2,1,5,34,JIC09_BrDFS_A_023,JIC,CC-140,195,10,87.73
p_041,2,2,6,35,JIC09_BrDFS_A_023,JIC,CC-140,199,10,90.25
p_044,1,3,7,36,JIC09_BrDFS_A_023,JIC,CC-140,205,10,66.23
p_052,2,1,1,37,JIC09_BrDFS_A_028,JIC,CC-156,204,8,128.59
p_061,2,2,2,64,JIC09_BrDFS_A_028,JIC,CC-156,202,10,71.61
p_064,1,3,3,1,JIC09_BrDFS_A_028,JIC,CC-156,202,9,81.1
p_015,1,1,4,2,JIC09_BrDFS_A_030,JIC,CC-160,201,10,52.41
p_026,2,2,5,3,JIC09_BrDFS_A_030,JIC,CC-160,201,8,53.26
p_057,1,3,6,4,JIC09_BrDFS_A_030,JIC,CC-160,201,9,54.01
p_001,1,1,7,5,JIC09_BrDFS_A_035,JIC,CC-168,201,10,62.83
p_006,1,2,1,6,JIC09_BrDFS_A_035,JIC,CC-168,201,9,72.98
p_011,1,3,2,7,JIC09_BrDFS_A_035,JIC,CC-168,197,10,53.79
p_016,2,1,3,8,JIC09_BrDFS_A_038,JIC,CC-HN54,197,8,74.39
p_020,2,2,4,9,JIC09_BrDFS_A_038,JIC,CC-HN54,197,8,50.76
p_029,1,3,5,65,JIC09_BrDFS_A_038,JIC,CC-HN54,196,10,55.51
p_053,1,1,6,10,JIC09_BrDFS_A_037,JIC,CC-HN53,199,9,63.5
p_058,1,2,7,11,JIC09_BrDFS_A_037,JIC,CC-HN53,205,7,45.81
p_062,1,3,1,12,JIC09_BrDFS_A_037,JIC,CC-HN53,204,10,63.23
p_004,2,1,2,13,JIC09_BrDFS_A_066,JIC,KENSHIN-402,202,9,42.28
p_012,2,2,3,14,JIC09_BrDFS_A_066,JIC,KENSHIN-402,202,6,67.25
p_035,1,3,4,15,JIC09_BrDFS_A_066,JIC,KENSHIN-402,201,10,70.9
p_046,2,1,5,66,JIC09_BrDFS_A_040,JIC,PC-023,201,9,68.42
p_054,2,2,6,16,JIC09_BrDFS_A_040,JIC,PC-023,201,8,56.83
p_017,1,3,7,17,JIC09_BrDFS_A_040,JIC,PC-023,201,9,68.37
p_036,1,1,1,18,JIC09_BrDFS_A_045,JIC,PC-078,201,10,97.58
p_047,1,2,2,19,JIC09_BrDFS_A_045,JIC,PC-078,197,10,72.34
p_059,2,3,3,38,JIC09_BrDFS_A_045,JIC,PC-078,197,10,102.38
p_002,1,1,4,39,JIC09_BrDFS_A_047,JIC,PC-101,197,8,65.2
p_007,1,2,5,20,JIC09_BrDFS_A_047,JIC,PC-101,196,10,48.64
p_018,1,3,6,21,JIC09_BrDFS_A_047,JIC,PC-101,193,9,77.41
p_025,2,1,7,22,JIC09_BrDFS_A_049,JIC,PC-175,194,10,87.53
p_060,2,2,1,23,JIC09_BrDFS_A_049,JIC,PC-175,205,8,64.79
p_008,1,3,2,24,JIC09_BrDFS_A_049,JIC,PC-175,205,9,41.91
p_038,1,1,3,25,JIC09_BrDFS_A_055,JIC,PC-183,195,10,49.22
p_049,2,2,4,40,JIC09_BrDFS_A_055,JIC,PC-183,199,9,42.83
p_034,1,3,5,41,JIC09_BrDFS_A_055,JIC,PC-183,205,10,41.69
p_045,1,1,6,26,JIC09_BrDFS_A_057,JIC,PC-184,204,8,48.69
p_037,1,2,7,42,JIC09_BrDFS_A_057,JIC,PC-184,202,8,46.69
p_048,1,3,1,43,JIC09_BrDFS_A_057,JIC,PC-184,202,10,54.83
p_024,2,1,2,44,JIC09_BrDFS_A_058,JIC,PC-185,201,9,39.26
p_039,2,2,3,57,JIC09_BrDFS_A_058,JIC,PC-185,201,7,54.65
p_050,1,3,4,45,JIC09_BrDFS_A_058,JIC,PC-185,201,10,75.15
p_021,1,1,5,58,JIC09_BrDFS_A_059,JIC,CX-058,201,9,54.28
p_063,1,2,6,59,JIC09_BrDFS_A_059,JIC,CX-058,201,6,50.52
p_040,1,3,7,60,JIC09_BrDFS_A_059,JIC,CX-058,197,10,51.35
p_051,2,1,1,61,JIC09_BrDFS_A_067,JIC,WTC-GLU3,197,9,62.69
p_013,2,2,2,62,JIC09_BrDFS_A_067,JIC,WTC-GLU3,197,8,39.33
p_055,1,3,3,63,JIC09_BrDFS_A_067,JIC,WTC-GLU3,196,9,44.92