sample_id,sample,polytunnel,rep,sub_block,pot_number,Accession_Name,Originating organisation,cultivar_name,days.to.flowering,number.of.first.branch,basal root thickness
p_028,28,1,1,1,46,JIC10_BnaDFFS001,JIC,AMBER X COMMANCHE DH LINE,199,10,163.84
p_009,9,2,2,2,47,JIC10_BnaDFFS001,JIC,AMBER X COMMANCHE DH LINE,205,8,237.81
p_066,66,1,3,3,48,JIC10_BnaDFFS001,JIC,AMBER X COMMANCHE DH LINE,204,9,114.45
p_003,3,2,1,4,49,JIC10_BnaDFS002,JIC,APEX,202,10,69.02
p_014,14,1,2,5,50,JIC10_BnaDFS002,JIC,APEX,202,9,93.25
p_023,23,2,3,6,51,JIC10_BnaDFS002,JIC,APEX,201,10,68.38
p_027,27,2,1,7,52,JIC10_BnaDFFS003,JIC,APEX-93_5 X GINYOU_3 DH LINE,201,8,57.68
p_031,31,1,2,1,53,JIC10_BnaDFFS003,JIC,APEX-93_5 X GINYOU_3 DH LINE,201,8,55.07
p_032,32,2,3,2,54,JIC10_BnaDFFS003,JIC,APEX-93_5 X GINYOU_3 DH LINE,201,10,94.55
p_042,42,2,1,3,55,JIC10_BnaDFFS004,JIC,BIENVENU DH4,201,9,83.23
p_043,43,1,2,4,56,JIC10_BnaDFFS004,JIC,BIENVENU DH4,197,7,71.04
p_056,56,1,3,5,27,JIC10_BnaDFFS004,JIC,BIENVENU DH4,197,10,90.25
p_065,65,2,1,6,28,JIC10_BnaDFFS005,JIC,BRYAN x FORTRESS DH LINE,197,9,60.15
p_005,5,2,2,7,29,JIC10_BnaDFFS005,JIC,BRYAN x FORTRESS DH LINE,196,6,53.9
p_010,10,1,3,1,30,JIC10_BnaDFFS005,JIC,BRYAN x FORTRESS DH LINE,193,10,87.38
p_019,19,1,1,2,31,JIC10_BnaDFFS006,JIC,CANBERRA x COURAGE DH LINE,194,9,67.74
p_022,22,1,2,3,32,JIC10_BnaDFFS006,JIC,CANBERRA x COURAGE DH LINE,205,8,90.36
p_030,30,1,3,4,33,JIC10_BnaDFFS006,JIC,CANBERRA x COURAGE DH LINE,205,9,61.53
p_033,33,2,1,5,34,JIC10_BnaDFFS007,JIC,CAPRICORN DH1,195,10,87.73
p_041,41,2,2,6,35,JIC10_BnaDFFS007,JIC,CAPRICORN DH1,199,10,90.25
p_044,44,1,3,7,36,JIC10_BnaDFFS007,JIC,CAPRICORN DH1,205,10,66.23
p_052,52,2,1,1,37,JIC10_BnaDFFS008,JIC,COLUMBUS X NICKEL DH LINE,204,8,128.59
p_061,61,2,2,2,64,JIC10_BnaDFFS008,JIC,COLUMBUS X NICKEL DH LINE,202,10,71.61
p_064,64,1,3,3,1,JIC10_BnaDFFS008,JIC,COLUMBUS X NICKEL DH LINE,202,9,81.1
p_015,15,1,1,4,2,JIC10_BnaDFFS009,JIC,DARMOR,201,10,52.41
p_026,26,2,2,5,3,JIC10_BnaDFFS009,JIC,DARMOR,201,8,53.26
p_057,57,1,3,6,4,JIC10_BnaDFFS009,JIC,DARMOR,201,9,54.01
p_001,1,1,1,7,5,JIC10_BnaDFFS010,JIC,HANSEN X GASPARD DH LINE,201,10,62.83
p_006,6,1,2,1,6,JIC10_BnaDFFS010,JIC,HANSEN X GASPARD DH LINE,201,9,72.98
p_011,11,1,3,2,7,JIC10_BnaDFFS010,JIC,HANSEN X GASPARD DH LINE,197,10,53.79
p_016,16,2,1,3,8,JIC10_BnaDFFS011,JIC,INCA X  CONTACT  DH LINE,197,8,74.39
p_020,20,2,2,4,9,JIC10_BnaDFFS011,JIC,INCA X  CONTACT  DH LINE,197,8,50.76
p_029,29,1,3,5,65,JIC10_BnaDFFS011,JIC,INCA X  CONTACT  DH LINE,196,10,55.51
p_053,53,1,1,6,10,JIC10_BnaDFFS012,JIC,MADRIGAL x RECITAL DH LINE,199,9,63.5
p_058,58,1,2,7,11,JIC10_BnaDFFS012,JIC,MADRIGAL x RECITAL DH LINE,205,7,45.81
p_062,62,1,3,1,12,JIC10_BnaDFFS012,JIC,MADRIGAL x RECITAL DH LINE,204,10,63.23
p_004,4,2,1,2,13,JIC10_BnaDFFS013,JIC,MAJOR DH,202,9,42.28
p_012,12,2,2,3,14,JIC10_BnaDFFS013,JIC,MAJOR DH,202,6,67.25
p_035,35,1,3,4,15,JIC10_BnaDFFS013,JIC,MAJOR DH,201,10,70.9
p_046,46,2,1,5,66,JIC10_BnaDFFS014,JIC,NINGYOU 7,201,9,68.42
p_054,54,2,2,6,16,JIC10_BnaDFFS014,JIC,NINGYOU 7,201,8,56.83
p_017,17,1,3,7,17,JIC10_BnaDFFS014,JIC,NINGYOU 7,201,9,68.37
p_036,36,1,1,1,18,JIC10_BnaDFFS008,JIC,RAFAL DH1,201,10,97.58
p_047,47,1,2,2,19,JIC10_BnaDFFS008,JIC,RAFAL DH1,197,10,72.34
p_059,59,2,3,3,38,JIC10_BnaDFFS008,JIC,RAFAL DH1,197,10,102.38
p_002,2,1,1,4,39,JIC10_BnaDFFS009,JIC,ROCKET (PST) X  LIZARD  DH LINE,197,8,65.2
p_007,7,1,2,5,20,JIC10_BnaDFFS009,JIC,ROCKET (PST) X  LIZARD  DH LINE,196,10,48.64
p_018,18,1,3,6,21,JIC10_BnaDFFS009,JIC,ROCKET (PST) X  LIZARD  DH LINE,193,9,77.41
p_025,25,2,1,7,22,JIC10_BnaDFFS010,JIC,SAMOURAI,194,10,87.53
p_060,60,2,2,1,23,JIC10_BnaDFFS010,JIC,SAMOURAI,205,8,64.79
p_008,8,1,3,2,24,JIC10_BnaDFFS010,JIC,SAMOURAI,205,9,41.91
p_038,38,1,1,3,25,JIC10_BnaDFFS011,JIC,TAPIDOR DH,195,10,49.22
p_049,49,2,2,4,40,JIC10_BnaDFFS011,JIC,TAPIDOR DH,199,9,42.83
p_034,34,1,3,5,41,JIC10_BnaDFFS011,JIC,TAPIDOR DH,205,10,41.69
p_045,45,1,1,6,26,JIC10_BnaDFFS012,JIC,TEQUILLA x ARAGON DH LINE,204,8,48.69
p_037,37,1,2,7,42,JIC10_BnaDFFS012,JIC,TEQUILLA x ARAGON DH LINE,202,8,46.69
p_048,48,1,3,1,43,JIC10_BnaDFFS012,JIC,TEQUILLA x ARAGON DH LINE,202,10,54.83
p_024,24,2,1,2,44,JIC10_BnaDFFS013,JIC,BALTIA,201,9,39.26
p_039,39,2,2,3,57,JIC10_BnaDFS020,JIC,BALTIA,201,7,54.65
p_050,50,1,3,4,45,JIC10_BnaDFS020,JIC,BALTIA,201,10,75.15
p_021,21,1,1,5,58,JIC10_BnaDFS021,JIC,EUROL,201,9,54.28
p_063,63,1,2,6,59,JIC10_BnaDFS021,JIC,EUROL,201,6,50.52
p_040,40,1,3,7,60,JIC10_BnaDFS021,JIC,EUROL,197,10,51.35
p_051,51,2,1,1,61,JIC10_BnaDFS022,JIC,JET NEUF,197,9,62.69
p_013,13,2,2,2,62,JIC10_BnaDFS022,JIC,JET NEUF,197,8,39.33
p_055,55,1,3,3,63,JIC10_BnaDFS022,JIC,JET NEUF,196,9,44.92